Nombre,Hu2,Hu4,Hu6,Mean_B,Mean_G,Mean_R
berenjena,3.148048207689508,7.198767024480943,-7.4999027658465085,24.779052124241343,20.425249910746164,29.36299535880043
camote,3.439773557813402,-9.540477369352981,-9.65198790169608,36.33542757417103,38.539267015706805,111.29815784370757
papa,4.634428642287309,-11.627223111600971,-11.11595890629337,20.899168639224065,85.6130131054789,126.89365510074477
zanahoria,2.0803152269017877,4.422380387611542,-6.224516863618814,2.8340037860861336,35.36163038334122,91.97852579271178
berenjena,2.6023876216852044,5.63124598829558,-7.448655736794223,20.761618778458153,22.5227665253572,25.008125294394723
camote,3.6792081906244305,7.699322793788016,9.240084143033263,24.572696578370287,28.328378989870863,88.73302238156566
papa,4.0432889978201985,9.98025353649614,-10.843753093144496,35.88815669747617,80.94930319429146,128.83304439442554
zanahoria,2.2140161546749018,4.794051815270818,-6.136368969994783,5.604386528402313,93.14182802606221,187.07502064788474
berenjena,2.7999648884843324,6.183178174340512,-7.128095379676531,27.903965152255335,28.588259241165936,32.099006676437064
camote,3.748347933768454,8.519815144991245,9.181617503367235,58.980717851003455,42.57353519872419,124.96580577014684
papa,4.518311429429778,11.497604765694279,-11.369852014452597,39.102851007568965,68.81228426666193,111.54369681535445
zanahoria,2.744280112902651,6.147554327725196,6.7384297792060455,17.883547086845,51.70032979113228,145.81585440332233
berenjena,3.2925087252231307,8.234006879504332,-8.0255328604945,21.55222992058164,21.255468720313115,44.04257178684974
camote,4.14384310684702,9.221563603737655,-9.661504051905371,43.67927401603146,40.90266221809976,121.76906677003585
papa,4.000247762632969,-11.122907638388115,-10.229888468305623,52.110964084865934,78.19282591397176,120.24513844805851
zanahoria,3.0724261237937567,7.763872938197013,8.110567283158021,27.277154742501278,45.125063857737125,136.47296080959447
berenjena,3.16508197574375,7.772271167660725,7.629489301609755,100.06239432778838,64.90523588764658,88.69738205617672
camote,4.072228925471313,-10.609042478712873,10.297277201629361,54.076648538409245,50.278855491890845,132.40585850247646
papa,4.091460141733526,9.435529425161022,-9.892895075405436,43.2103097026443,86.94633753940266,127.30992713429178
zanahoria,2.2555729477462116,4.777553581115738,-5.834335977094131,4.565823360096955,37.444023632782915,92.71004393273746
berenjena,2.946550303954164,7.089198545703567,-7.308563475466136,22.86197451964975,30.684040890290632,38.071281348992265
camote,4.272726746017942,9.692275553072145,9.922318460888865,43.54025657727054,39.95089348928096,131.13408003171816
papa,3.898064767058163,9.399266939826395,9.195348195539124,18.317772498756973,69.6741616485277,106.64156676426717
zanahoria,3.3018902419647365,6.99919747941305,8.45316074670259,5.145078402951641,79.96725523784426,174.0562656476479
berenjena,3.2257540468761197,8.390557125009055,8.359222039634792,27.616507129816945,35.212895347116,90.4297379977303
camote,2.7827203100070976,6.205767261662739,-6.8290574011285035,12.641947962812754,9.152087103013665,66.38244836837836
papa,3.6642152358725486,9.754541131085888,9.162991615917644,37.67626534506822,137.8296163376912,191.09835085020933
zanahoria,2.6323308049141616,6.223191017051764,-6.752698040738908,3.735859609872055,60.935398168216466,150.22736488848494
berenjena,3.000475340563292,7.123312284601171,8.035372324823815,23.289531421407304,24.07600689547093,27.116517787180694
camote,3.3773713140891033,8.424135623674424,9.73955516020373,23.88031877045681,20.233741283620322,75.91817276220294
papa,3.7694977263713603,9.99717114211386,-11.143863465204946,16.635505666178098,109.14317377471131,156.54616952060914
zanahoria,2.836783764320324,6.782072495698415,-6.771024463893882,3.592972849646361,43.59707962582706,107.79123887748118
berenjena,2.8499366214948827,6.410630035995142,6.829475483324847,27.565510194603128,24.602062142956665,39.90418466397288
camote,2.6700682209314017,6.0292637058409575,-6.465844874233605,3.5075169867850837,4.552244395698464,50.75346423412337
papa,4.292603749877219,-10.488510787863039,-10.279601661807312,17.85625835851206,67.93709445737778,104.25365297934519
zanahoria,2.3986231458404372,5.111392886687789,-6.078900096515564,3.841700192408606,36.055448661885606,88.27007171593493
berenjena,2.902238214821884,6.559716258271612,-7.362192509289346,27.116072874493927,28.003522267206478,30.426437246963562
camote,4.034626785571058,-10.127134100974208,-10.411294111298771,48.301534888276365,47.331197268822315,124.03416770438359
papa,3.744203557113241,9.765425218706874,-9.46502217235854,55.62148929432685,138.00789223686454,193.58185759871387
zanahoria,2.1198432213869025,4.546799417885408,-6.4224410815543935,3.0314274895872777,40.8678530859523,94.7537548908242
berenjena,3.117103864795473,8.807945968583976,7.683503188164979,28.045610973777325,24.484659008288496,38.53691047452862
camote,3.696880779841754,8.529718770843722,-8.679250156268814,42.08182266327702,34.808126879250494,85.20723851802144
papa,4.043572368902093,-9.8855161488495,-10.293801578612639,9.07066189624329,53.038774597495525,84.95755813953488
zanahoria,2.2429317337415284,4.762947869192993,-5.792874065343255,2.137956338286553,32.17391304347826,90.24711062190424
berenjena,3.1150050076142297,8.346858036473842,7.64350773578512,26.851412902026397,23.253764640267708,38.51199107640825
camote,4.065948099492664,8.693470032088854,10.215942869129067,43.520106155455544,39.86885315687531,131.14785730108466
papa,4.50930327738519,11.256127836373832,-11.394016270626222,41.73833706650189,89.19724646636286,111.36541283695064
zanahoria,2.088271964758395,4.456364090573883,-6.48958369303005,1.1998401278976818,37.37569944044764,94.10458300026644
berenjena,1.4806729758930866,23.551722599071763,18.576088896822565,28.94292217065334
camote,2.478681195867988,27.979367849524916,30.534264107038975,111.29296102385106
papa,2.0003149827181455,12.403614110039836,82.27625425783731,126.89356850066393
zanahoria,0.9035113505333684,1.592285849503076,34.55424751538097,91.97675106483672
berenjena,1.23914947207455,19.30409012403831,21.18307426597582,24.109671848013814
camote,1.1270044551821925,18.361829510250967,22.73747780987852,88.62316822722684
papa,2.4086944441602394,25.943297734782814,75.68065705665437,128.76949379818973
zanahoria,1.0126425326084063,2.449756813801964,91.58029732954024,187.07437826924843
berenjena,1.372502380237273,26.229970688812898,26.783260055365577,31.138291809151607
camote,1.7994884669001534,51.39575005695586,33.328832094111796,124.96464594163577
papa,2.4819031822541118,30.531975119124734,63.53949084713879,111.48360648464467
zanahoria,1.1844217033725897,12.107243190423842,46.949065591791864,145.73946500549653
berenjena,2.1926830859676465,18.98396433140382,18.591166449226716,44.01335039075859
camote,1.5707882719016233,35.22331898162889,32.266124901360875,121.76899754959645
papa,2.3488777951564934,43.088942930968194,72.33676361458063,120.16011158099904
zanahoria,1.9412684390254114,18.707032865448706,37.603279246843606,136.43369742379645
berenjena,2.0670443654231816,98.86176711208073,57.22102536133079,85.36809380965367
camote,2.177806586716687,44.81613576769933,40.64710595319025,132.40582208410217
papa,1.8839189088167074,33.37717123909119,82.12579857635933,127.25555378873621
zanahoria,0.435248204977723,2.8063929707620057,36.307377670049995,92.70731707317074
berenjena,1.6316260102234825,20.703573058887,29.029395083758697,37.47235478828623
camote,1.6236895297296632,34.704454702500634,30.932627226643255,131.13389595310244
papa,1.5879481956523498,10.901331418153692,66.63797580244184,106.64134578200098
zanahoria,1.0971772367535992,2.3504414283831863,78.55415733298194,174.05290552114903
berenjena,3.097101587499826,21.948413677406624,30.530233877732275,90.40239058568116
camote,1.1167562501816022,9.836837836151494,6.411836276283771,66.37418106944531
papa,2.002467001461763,25.234099518641944,133.6616821897519,191.09066051439802
zanahoria,1.568863845853048,1.4273928546458785,59.549884639586104,150.2270852268755
berenjena,1.8897765800199982,21.744162356997336,22.48562137595988,26.1385754583921
camote,2.415400975734815,18.54119823537783,14.627579336843604,75.91817276220294
papa,2.6770609381764383,8.551817824330604,106.49987487934793,156.5459907768205
zanahoria,1.0050308082075405,2.3178188455395845,42.793520419803784,107.7905544147844
berenjena,1.364056628297884,25.53620361339464,22.186382425340206,39.603316148808695
camote,0.8498047738757276,2.6946658819752822,3.867743833930769,50.75346423412337
papa,1.5332060629559023,10.73227995443063,65.02867898360493,104.25365297934519
zanahoria,0.633880193382126,2.129088682875634,34.960818611159695,88.26639846073115
berenjena,1.5393617725322046,25.464574898785425,26.307246963562754,29.360242914979757
camote,2.0036895087799245,39.4553874998251,38.43644275300471,124.03413972100572
papa,2.1374230648863994,41.14103719582004,132.3510827466933,193.5761332911115
zanahoria,0.9807683135166163,1.9683200807774834,40.282973621103125,94.7429004165089
berenjena,2.103470179656909,26.22223837913819,22.144006592021714,38.170423149629194
camote,1.4054651681027408,36.59039372314204,28.57643752177672,85.18947955246415
papa,1.7532975640839248,4.498345259391771,51.17571556350626,84.95675313059034
zanahoria,0.43380037892637324,1.541918913960741,31.809576224545953,90.23408548890112
berenjena,2.110098653930427,24.914389291689904,20.90806841420338,38.16745677635248
camote,1.4274784258371758,34.70322746955697,30.866698672544395,131.14753290653573
papa,2.5653207054232654,33.012435313199965,86.3943577662779,111.01749440024716
zanahoria,0.922114071551057,0.843591793232081,37.19291233679723,94.10191846522781
berenjena,1.4806729758930866,23.551722599071763,18.576088896822565,28.94292217065334
camote,2.478681195867988,27.979367849524916,30.534264107038975,111.29296102385106
papa,2.0003149827181455,12.403614110039836,82.27625425783731,126.89356850066393
zanahoria,1.129707852583427,18.797035602095555,37.713663320681995,136.5784886307108
berenjena,1.23914947207455,19.30409012403831,21.18307426597582,24.109671848013814
camote,1.1270044551821925,18.361829510250967,22.73747780987852,88.62316822722684
papa,1.8839189088167074,33.37717123909119,82.12579857635933,127.25555378873621
zanahoria,1.0126425326084063,2.449756813801964,91.58029732954024,187.07437826924843
berenjena,1.372502380237273,26.229970688812898,26.783260055365577,31.138291809151607
camote,1.7994884669001534,51.39575005695586,33.328832094111796,124.96464594163577
papa,1.5879481956523498,10.901331418153692,66.63797580244184,106.64134578200098
zanahoria,1.1844217033725897,12.107243190423842,46.949065591791864,145.73946500549653
berenjena,1.6316260102234825,20.703573058887,29.029395083758697,37.47235478828623
camote,1.5707882719016233,35.22331898162889,32.266124901360875,121.76899754959645
papa,2.002467001461763,25.234099518641944,133.6616821897519,191.09066051439802
zanahoria,1.9412684390254114,18.707032865448706,37.603279246843606,136.43369742379645
berenjena,1.8897765800199982,21.744162356997336,22.48562137595988,26.1385754583921
camote,2.177806586716687,44.81613576769933,40.64710595319025,132.40582208410217
papa,2.6770609381764383,8.551817824330604,106.49987487934793,156.5459907768205
zanahoria,1.0971772367535992,2.3504414283831863,78.55415733298194,174.05290552114903
berenjena,1.364056628297884,25.53620361339464,22.186382425340206,39.603316148808695
camote,1.6236895297296632,34.704454702500634,30.932627226643255,131.13389595310244
papa,1.5332060629559023,10.73227995443063,65.02867898360493,104.25365297934519
zanahoria,1.568863845853048,1.4273928546458785,59.549884639586104,150.2270852268755
berenjena,1.5393617725322046,25.464574898785425,26.307246963562754,29.360242914979757
camote,2.0036895087799245,39.4553874998251,38.43644275300471,124.03413972100572
papa,2.1374230648863994,41.14103719582004,132.3510827466933,193.5761332911115
zanahoria,-1.6689052007410683,21.99258789186445,53.41028049244828,92.87412108135551
berenjena,2.103470179656909,26.22223837913819,22.144006592021714,38.170423149629194
camote,1.4054651681027408,36.59039372314204,28.57643752177672,85.18947955246415
papa,1.7532975640839248,4.498345259391771,51.17571556350626,84.95675313059034
zanahoria,-0.3735883256859177,14.053678523420535,40.81757315686072,82.60810671078482
berenjena,2.110098653930427,24.914389291689904,20.90806841420338,38.16745677635248
camote,1.4274784258371758,34.70322746955697,30.866698672544395,131.14753290653573
papa,2.5653207054232654,33.012435313199965,86.3943577662779,111.01749440024716
zanahoria,1.1180854797389452,15.380344230425994,36.9559955716994,132.11553619581
berenjena,1.4806729758930866,23.551722599071763,18.576088896822565,28.94292217065334
camote,2.478681195867988,27.979367849524916,30.534264107038975,111.29296102385106
papa,2.0003149827181455,12.403614110039836,82.27625425783731,126.89356850066393
zanahoria,1.129707852583427,18.797035602095555,37.713663320681995,136.5784886307108
berenjena,1.23914947207455,19.30409012403831,21.18307426597582,24.109671848013814
camote,1.1270044551821925,18.361829510250967,22.73747780987852,88.62316822722684
papa,1.8839189088167074,33.37717123909119,82.12579857635933,127.25555378873621
zanahoria,1.0126425326084063,2.449756813801964,91.58029732954024,187.07437826924843
berenjena,1.372502380237273,26.229970688812898,26.783260055365577,31.138291809151607
camote,1.7994884669001534,51.39575005695586,33.328832094111796,124.96464594163577
papa,1.5879481956523498,10.901331418153692,66.63797580244184,106.64134578200098
zanahoria,1.1844217033725897,12.107243190423842,46.949065591791864,145.73946500549653
berenjena,1.6316260102234825,20.703573058887,29.029395083758697,37.47235478828623
camote,1.5707882719016233,35.22331898162889,32.266124901360875,121.76899754959645
papa,2.002467001461763,25.234099518641944,133.6616821897519,191.09066051439802
zanahoria,1.9412684390254114,18.707032865448706,37.603279246843606,136.43369742379645
berenjena,1.8897765800199982,21.744162356997336,22.48562137595988,26.1385754583921
camote,2.177806586716687,44.81613576769933,40.64710595319025,132.40582208410217
papa,2.6770609381764383,8.551817824330604,106.49987487934793,156.5459907768205
zanahoria,1.0971772367535992,2.3504414283831863,78.55415733298194,174.05290552114903
berenjena,1.364056628297884,25.53620361339464,22.186382425340206,39.603316148808695
camote,1.6236895297296632,34.704454702500634,30.932627226643255,131.13389595310244
papa,1.5332060629559023,10.73227995443063,65.02867898360493,104.25365297934519
zanahoria,1.568863845853048,1.4273928546458785,59.549884639586104,150.2270852268755
berenjena,1.5393617725322046,25.464574898785425,26.307246963562754,29.360242914979757
camote,2.0036895087799245,39.4553874998251,38.43644275300471,124.03413972100572
papa,2.1374230648863994,41.14103719582004,132.3510827466933,193.5761332911115
zanahoria,-1.6689052007410683,21.99258789186445,53.41028049244828,92.87412108135551
berenjena,2.103470179656909,26.22223837913819,22.144006592021714,38.170423149629194
camote,1.4054651681027408,36.59039372314204,28.57643752177672,85.18947955246415
papa,1.7532975640839248,4.498345259391771,51.17571556350626,84.95675313059034
zanahoria,-0.3735883256859177,14.053678523420535,40.81757315686072,82.60810671078482
berenjena,2.110098653930427,24.914389291689904,20.90806841420338,38.16745677635248
camote,1.4274784258371758,34.70322746955697,30.866698672544395,131.14753290653573
papa,2.5653207054232654,33.012435313199965,86.3943577662779,111.01749440024716
zanahoria,1.1180854797389452,15.380344230425994,36.9559955716994,132.11553619581
berenjena,-0.17100620412791576,12.904996335546437,66.74121226927085,93.79995175909234
camote,1.1170753562825617,26.099381001295164,23.986664284757268,67.91900138448484
papa,2.284607460520202,9.298080484363188,104.7212707799582,156.0812087857148
zanahoria,1.5222193619020772,2.8628381941108234,78.3569912002156,174.86870042065547
berenjena,1.8621369271273422,18.43106358387462,21.12780463610106,35.24846319544236
camote,1.089751653231476,21.15304703902745,20.646441605072543,67.23518673231477
papa,2.2907578631249836,13.560872043916804,106.07607790643733,159.51527399408258
zanahoria,1.53445352973261,2.845987610115686,72.25464348715234,167.40460749956034
berenjena,2.16633367380344,46.26292134831461,30.161999225106552,21.544533126695082
camote,1.427901957440735,25.820761677057796,16.440505973061335,71.78272669087754
papa,2.2824605982892487,8.604960888251151,106.66624806829456,156.70445827167964
zanahoria,1.562664697324329,3.6574700653524843,70.41449122243917,165.0668235839552
berenjena,2.7516180276265567,54.60206946208548,37.65516516054916,30.370545357463573
camote,1.4380138370102244,4.532501709890712,9.860395561100733,87.0531517517476
papa,2.009398504375526,9.08295374803287,93.46355635094305,142.45823039201437
zanahoria,1.1326893436438719,3.1005241453533197,67.28633962342252,165.27543243285197
berenjena,1.764881800037838,28.909223521629034,18.792305627876257,18.924499171599276
camote,1.434537758295089,25.343639745589822,16.082500900036,69.7628153126125
papa,1.945779212443649,15.27849808514181,90.73168674030083,137.53114835988234
zanahoria,1.1329358760294037,3.1046788379219197,65.47950340342915,163.45629342003696
berenjena,1.7567030580500422,29.27735726769495,18.028628608168404,18.698926136121074
camote,1.4372689516561286,26.683441221658644,16.504918865774496,70.68657263895946
papa,1.7989463252675784,28.44373511808997,72.76821009502972,98.40947401162666
zanahoria,1.1291131786783108,2.8304079615555024,71.17175624552674,170.07924443990018
berenjena,1.7766806332208986,29.13592464938686,19.033528702795273,15.252276306553759
camote,1.3352569644905459,29.156105121436035,20.219168333908762,72.93194636882963
papa,1.826626291916362,20.559301674889774,51.39371593492302,81.31129561568753
zanahoria,1.1340705098593329,1.4782300444328986,42.91264957542498,113.05491964013501
berenjena,1.773547196645237,31.312375601552123,20.71605614834683,17.06520266551171
camote,1.3392982283897301,28.65338085185378,19.53499229647539,70.92694475882318
papa,1.8264267807983212,22.173930725535463,54.20513890444965,84.02802966611941
zanahoria,1.1911033634374135,1.0051743783685538,45.45906285171023,126.98510601114288
berenjena,1.7987377433615575,31.631837830084166,20.249313050564158,18.57625825432949
camote,1.3722177000368652,30.106991038533582,22.57109727855728,82.22170070650131
papa,1.616975382544797,22.834901206829322,67.31818428536536,102.03947584555898
zanahoria,1.19643097364384,1.157597517325293,44.519996784753424,127.29712976199295
berenjena,-1.0892057270049829,16.026498028725616,35.63168392502633,50.27142071562387
camote,1.060590388856133,24.888131636348863,23.315428928155203,65.98821456473678
papa,2.2845443508970553,17.698355497421726,107.5958612977674,156.08097221343638
zanahoria,-1.6811593024369598,43.861953927123174,80.31506140174282,131.49713841994765
berenjena,1.8622454275891047,20.702883213664837,23.12213919732844,35.29247878473704
camote,1.0903156453522183,26.07426479117598,25.503677515126146,67.25308869241852
papa,2.290760695091834,23.545091037698512,109.6465585215153,159.51477953678125
zanahoria,1.5330839372251546,4.4125349028891785,73.20258925880606,167.42345692012185
berenjena,-1.845835267451596,50.39233165806291,56.15534532554068,58.49739612944307
camote,1.4283409671469212,30.429196312757515,21.981977481687775,71.79878609987792
papa,2.282414215247283,16.677532792415207,109.30617199922783,156.70432296673096
zanahoria,-1.1775443701909647,41.335538518610115,80.34978978607641,136.2955978731297
berenjena,-1.7327488359694185,53.048063876422084,60.43489719235988,60.30030790105417
camote,1.4383131457188036,10.48734483635617,15.365184970690885,87.04789274672207
papa,2.0093172892821327,17.87047586621159,96.6262854422198,142.4588007983236
zanahoria,1.1321424651904513,5.164290688252821,68.60748336124794,165.3063782530022
berenjena,-1.7598019020163826,48.83444474894187,56.06111263359825,59.484485856094516
camote,1.4344314894265744,29.826430948349415,21.490538346427684,69.78159654678745
papa,-0.8741084074120054,10.901160764549768,36.538696619574836,57.187652467629945
zanahoria,1.124364859502212,4.6736535303053,66.44988291567871,163.30507443742232
berenjena,-1.395517289970309,46.864755175333585,49.47423282431604,53.309030920610816
camote,1.437107530930472,31.121905188696267,21.96554202807887,70.70041835593037
papa,1.7990927195426787,36.18671954851656,75.53115907133581,98.4226994411155
zanahoria,1.1291140772427775,5.252330288158291,72.65591289902811,170.08244891928803
berenjena,-1.296934552696738,52.7583254419192,52.39883207070707,47.97257733585859
camote,1.3349415376236984,33.82042488344373,25.810803144378895,72.90766480076044
papa,1.8224139127746706,26.906512713930155,54.45138121263439,81.25570625817873
zanahoria,1.133016627278867,2.0907779184356756,43.30915562522235,113.07012408193634
berenjena,-1.6141427798662682,53.05336304074474,58.26683726368269,61.53982925591758
camote,1.3388708860941718,33.15052076414644,24.98134870912962,70.91133546114823
papa,-1.6585544376439922,39.86213773761296,55.08653786226238,70.27588033655344
zanahoria,1.1903390287821811,1.411708331234715,45.682690316695485,127.02123242057428
berenjena,1.7989889347453805,31.925863173442572,21.961289802679897,20.425670382399503
camote,-2.088485213081434,48.74415943549156,53.30451988175837,71.67133117192715
papa,1.6206829277954904,30.80291973412501,70.75337205910112,101.99793000188767
zanahoria,1.1912751322873578,1.3114005557083384,44.485119470970716,127.36024630713158
berenjena,-1.3669857161856842,55.85696618494047,65.90765343980779,72.1265856330165
camote,1.3409361294938804,16.12289700584785,13.258477000906005,68.56453119649042
papa,1.6204321167015947,32.032839283751166,72.71314933227009,100.49136684863312
zanahoria,1.1320870339162357,2.473506293675685,44.8296658804833,111.52795833059768
berenjena,-1.971038168537278,47.962311217682206,59.8541759325508,68.86684199330922
camote,-2.099816811554956,17.969837407793612,31.660332908508092,60.75022206774032
papa,1.6451157474122822,32.45405261645648,77.28099747579687,107.5653300817101
zanahoria,1.090952643126999,2.1723602660412205,38.893825985474244,96.87334489049027
berenjena,2.112382924144538,26.842335630471222,23.20022350530825,38.46978021978022
camote,0.8813433656194731,16.181924389338196,16.369995563079286,72.73296121365209
papa,-1.588655928281547,26.53956697142584,57.02482633501229,79.21520135589984
zanahoria,1.0811405664806522,0.4679126089256903,47.72771428518013,127.15539005726487
berenjena,1.481017692805656,24.78420253616717,20.41797642436149,29.36698517592427
camote,1.4104277324714043,34.828382491716276,31.542938434358128,112.84526213468239
papa,-1.6153705179107947,27.817065451322954,58.327687048993546,80.31793897961768
zanahoria,1.0831408737957555,0.5112778945075365,48.40718556742299,127.22208640815653
berenjena,1.2399508715486218,20.751561579257515,22.498566097033983,24.994971518365745
camote,1.339038087468597,30.86210014830534,27.349743953672238,105.70547868519823
papa,2.564448723607805,41.73301524136998,89.20188537098925,111.3724573570035
zanahoria,-1.9670954442639024,7.310028091140143,38.814063405716325,83.92763187229679
berenjena,1.3739934775236355,27.893727087576373,28.562729124236252,32.07926680244399
camote,1.4371674510965555,14.07966556869008,8.520487482591605,70.89164349508287
papa,2.0008318534729157,20.88274368231047,85.6115523465704,126.90616606498196
zanahoria,-2.0265583707640356,9.802497575169738,39.135475266731326,80.2761639185257
berenjena,1.8896637183253864,23.25909946658299,24.020552243489174,27.064402259177907
camote,1.3231842049508673,15.291900812260975,10.691164717514477,71.15088422554501
papa,1.8865433167357835,43.19522371826126,87.00165022690621,127.45734726024828
zanahoria,1.14740182529545,1.571748345589473,47.61084718834362,120.78153365931598
berenjena,1.364615666431822,27.465765555814492,24.426520624563036,39.81127942204614
camote,1.1273604381812163,24.511875283367626,28.226449970355386,88.72674641648938
papa,1.5890857820168436,18.31738577979117,69.67465885862659,106.63897022263963
zanahoria,1.1433964998346422,0.5915899168521115,48.436551681818095,128.17358633248688
berenjena,1.5401615512922833,27.08698824483178,27.94604783137414,30.358775841102556
camote,1.5711271310469466,43.69085422405559,40.92210794424219,121.78029097050153
papa,2.676752361573729,16.655396711937097,109.15042887776983,156.5439957112223
zanahoria,1.014375882831809,5.696270471122528,93.23817606312215,187.15927336116334
berenjena,2.105623173399161,28.02009416104451,24.432752511770133,38.50900354317333
camote,1.62443761945266,43.55146142517277,39.965914240398774,131.1490597031834
papa,0.06386378103395625,18.902249421104862,55.88686735031426,87.73900099239167
zanahoria,1.0972774968373542,5.154819992087564,80.01002241856784,174.1591058947646
berenjena,-1.5480431816786064,67.82743294724285,99.43481356062647,85.82522030245893
camote,1.4055074889205523,42.08245986953016,34.80883814947148,85.2080125700328
papa,1.7531086196857966,9.061568750279655,53.04787686249944,84.96854445389056
zanahoria,1.5707416638710938,3.7541281835992164,60.97698012874336,150.32381752029107
berenjena,-1.0892057270049829,16.026498028725616,35.63168392502633,50.27142071562387
camote,1.060590388856133,24.888085669114496,23.315385865630404,65.9880926875397
papa,2.2845443508970553,17.649608626596297,107.29950825226568,155.651075831713
berenjena,1.8622454275891047,20.702883213664837,23.12213919732844,35.29247878473704
camote,1.0903156453522183,26.07413328760629,25.50354888926995,67.25274950658503
papa,2.290760695091834,23.510323846339308,109.4846520385082,159.27923655859115
berenjena,-1.845835267451596,50.38889394215027,56.15151446243406,58.49340549390577
camote,1.4283409671469212,30.429196312757515,21.981977481687775,71.79878609987792
papa,2.282414215247283,16.644094155080005,109.08701191784917,156.3901290694822
berenjena,-1.7327488359694185,53.048063876422084,60.43489719235988,60.30030790105417
camote,1.4383131457188036,10.48734483635617,15.365184970690885,87.04789274672207
papa,2.0093172892821327,17.82589349197386,96.3852269919,142.1034016685972
zanahoria,1.1321424651904513,5.164290688252821,68.60748336124794,165.3063782530022
berenjena,-1.7598019020163826,48.83444474894187,56.06111263359825,59.484485856094516
camote,1.4344314894265744,29.826395155715986,21.490512557121463,69.78151280672785
zanahoria,1.124364859502212,4.6736535303053,66.44988291567871,163.30507443742232
berenjena,-1.395517289970309,46.862018627193365,49.47134390236781,53.30591807538466
camote,1.437107530930472,31.121905188696267,21.96554202807887,70.70041835593037
papa,1.7990927195426787,36.18671954851656,75.53115907133581,98.4226994411155
zanahoria,1.1291140772427775,5.252300442094018,72.65550003598881,170.08148243557056
camote,1.3349415376236984,33.82042488344373,25.810803144378895,72.90766480076044
papa,1.8224139127746706,26.906512713930155,54.45138121263439,81.25570625817873
zanahoria,1.133016627278867,2.0907779184356756,43.30915562522235,113.07012408193634
berenjena,-1.6141427798662682,53.051022433988486,58.264266649019476,61.53711424348708
camote,1.3388708860941718,33.15052076414644,24.98134870912962,70.91133546114823
zanahoria,1.1903390287821811,1.411708331234715,45.682690316695485,127.02123242057428
berenjena,1.7989889347453805,31.925798041083787,21.961244999173754,20.425628711730035
camote,-2.088485213081434,48.742997449283656,53.30324918353239,71.66962263701161
papa,1.6206829277954904,30.80291973412501,70.75337205910112,101.99793000188767
zanahoria,1.1912751322873578,1.3114005557083384,44.485119470970716,127.36024630713158
berenjena,-1.3669857161856842,55.85696618494047,65.90765343980779,72.1265856330165
camote,1.3409361294938804,16.12273975037416,13.25834768369456,68.56386244894288
papa,1.6204321167015947,32.032839283751166,72.71314933227009,100.49136684863312
zanahoria,1.1320870339162357,2.473506293675685,44.8296658804833,111.52795833059768
berenjena,-1.971038168537278,47.953965430571124,59.84376087544951,68.85485866749158
camote,-2.099816811554956,17.969837407793612,31.660332908508092,60.75022206774032
papa,1.6451157474122822,32.45405261645648,77.28099747579687,107.5653300817101
zanahoria,1.090952643126999,2.1723602660412205,38.893825985474244,96.87334489049027
berenjena,2.112382924144538,26.842335630471222,23.20022350530825,38.46978021978022
camote,0.8813433656194731,16.181924389338196,16.369995563079286,72.73296121365209
zanahoria,1.0811405664806522,0.4679126089256903,47.72771428518013,127.15539005726487
berenjena,1.481017692805656,24.78420253616717,20.41797642436149,29.36698517592427
camote,1.4104277324714043,34.828382491716276,31.542938434358128,112.84526213468239
zanahoria,1.0831408737957555,0.5112778945075365,48.40718556742299,127.22208640815653
berenjena,1.2399508715486218,20.751561579257515,22.498566097033983,24.994971518365745
camote,1.339038087468597,30.86210014830534,27.349743953672238,105.70547868519823
papa,2.564448723607805,41.73301524136998,89.20188537098925,111.3724573570035
berenjena,1.3739934775236355,27.892590933159546,28.561565720337256,32.077960164555414
camote,1.4371674510965555,14.07966556869008,8.520487482591605,70.89164349508287
papa,2.0008318534729157,20.88274368231047,85.6115523465704,126.90616606498196
berenjena,1.8896637183253864,23.25909946658299,24.020552243489174,27.064402259177907
camote,1.3231842049508673,15.291900812260975,10.691164717514477,71.15088422554501
papa,1.8865433167357835,42.882007986521586,86.37078683061686,126.53313289460212
zanahoria,1.14740182529545,1.571748345589473,47.61084718834362,120.78153365931598
berenjena,1.364615666431822,27.465765555814492,24.426520624563036,39.81127942204614
camote,1.1273604381812163,24.511875283367626,28.226449970355386,88.72674641648938
papa,1.5890857820168436,18.31738577979117,69.67465885862659,106.63897022263963
zanahoria,1.1433964998346422,0.5915899168521115,48.436551681818095,128.17358633248688
berenjena,1.5401615512922833,27.08589031656601,27.94491508248551,30.35754529609663
camote,1.5711271310469466,43.68057516122782,40.91248027900025,121.75163995682139
papa,2.676752361573729,16.648256644755644,109.1036367533581,156.4768862532152
zanahoria,1.014375882831809,5.696270471122528,93.23817606312215,187.15927336116334
berenjena,2.105623173399161,28.02009416104451,24.432752511770133,38.50900354317333
camote,1.62443761945266,43.55146142517277,39.965914240398774,131.1490597031834
zanahoria,1.0972774968373542,5.154819992087564,80.01002241856784,174.1591058947646
berenjena,-1.0892057270049829,16.026498028725616,35.63168392502633,50.27142071562387
camote,1.060590388856133,24.888085669114496,23.315385865630404,65.9880926875397
papa,2.2845443508970553,17.649608626596297,107.29950825226568,155.651075831713
berenjena,1.8622454275891047,20.702883213664837,23.12213919732844,35.29247878473704
camote,1.0903156453522183,26.07413328760629,25.50354888926995,67.25274950658503
papa,2.290760695091834,23.510323846339308,109.4846520385082,159.27923655859115
berenjena,-1.845835267451596,50.38889394215027,56.15151446243406,58.49340549390577
camote,1.4283409671469212,30.429196312757515,21.981977481687775,71.79878609987792
papa,2.282414215247283,16.644094155080005,109.08701191784917,156.3901290694822
berenjena,-1.7327488359694185,53.048063876422084,60.43489719235988,60.30030790105417
camote,1.4383131457188036,10.48734483635617,15.365184970690885,87.04789274672207
papa,2.0093172892821327,17.82589349197386,96.3852269919,142.1034016685972
zanahoria,1.1321424651904513,5.164290688252821,68.60748336124794,165.3063782530022
berenjena,-1.7598019020163826,48.83444474894187,56.06111263359825,59.484485856094516
camote,1.4344314894265744,29.826395155715986,21.490512557121463,69.78151280672785
zanahoria,1.124364859502212,4.6736535303053,66.44988291567871,163.30507443742232
berenjena,-1.395517289970309,46.862018627193365,49.47134390236781,53.30591807538466
camote,1.437107530930472,31.121905188696267,21.96554202807887,70.70041835593037
papa,1.7990927195426787,36.18671954851656,75.53115907133581,98.4226994411155
zanahoria,1.1291140772427775,5.252300442094018,72.65550003598881,170.08148243557056
camote,1.3349415376236984,33.82042488344373,25.810803144378895,72.90766480076044
papa,1.8224139127746706,26.906512713930155,54.45138121263439,81.25570625817873
zanahoria,1.133016627278867,2.0907779184356756,43.30915562522235,113.07012408193634
berenjena,-1.6141427798662682,53.051022433988486,58.264266649019476,61.53711424348708
camote,1.3388708860941718,33.15052076414644,24.98134870912962,70.91133546114823
zanahoria,1.1903390287821811,1.411708331234715,45.682690316695485,127.02123242057428
berenjena,1.7989889347453805,31.925798041083787,21.961244999173754,20.425628711730035
camote,-2.088485213081434,48.742997449283656,53.30324918353239,71.66962263701161
papa,1.6206829277954904,30.80291973412501,70.75337205910112,101.99793000188767
zanahoria,1.1912751322873578,1.3114005557083384,44.485119470970716,127.36024630713158
berenjena,-1.3669857161856842,55.85696618494047,65.90765343980779,72.1265856330165
camote,1.3409361294938804,16.12273975037416,13.25834768369456,68.56386244894288
papa,1.6204321167015947,32.032839283751166,72.71314933227009,100.49136684863312
zanahoria,1.1320870339162357,2.473506293675685,44.8296658804833,111.52795833059768
berenjena,-1.971038168537278,47.953965430571124,59.84376087544951,68.85485866749158
camote,-2.099816811554956,17.969837407793612,31.660332908508092,60.75022206774032
papa,1.6451157474122822,32.45405261645648,77.28099747579687,107.5653300817101
zanahoria,1.090952643126999,2.1723602660412205,38.893825985474244,96.87334489049027
berenjena,2.112382924144538,26.842335630471222,23.20022350530825,38.46978021978022
camote,0.8813433656194731,16.181924389338196,16.369995563079286,72.73296121365209
zanahoria,1.0811405664806522,0.4679126089256903,47.72771428518013,127.15539005726487
berenjena,1.481017692805656,24.78420253616717,20.41797642436149,29.36698517592427
camote,1.4104277324714043,34.828382491716276,31.542938434358128,112.84526213468239
zanahoria,1.0831408737957555,0.5112778945075365,48.40718556742299,127.22208640815653
berenjena,1.2399508715486218,20.751561579257515,22.498566097033983,24.994971518365745
camote,1.339038087468597,30.86210014830534,27.349743953672238,105.70547868519823
papa,2.564448723607805,41.73301524136998,89.20188537098925,111.3724573570035
berenjena,1.3739934775236355,27.892590933159546,28.561565720337256,32.077960164555414
camote,1.4371674510965555,14.07966556869008,8.520487482591605,70.89164349508287
papa,2.0008318534729157,20.88274368231047,85.6115523465704,126.90616606498196
berenjena,1.8896637183253864,23.25909946658299,24.020552243489174,27.064402259177907
camote,1.3231842049508673,15.291900812260975,10.691164717514477,71.15088422554501
papa,1.8865433167357835,42.882007986521586,86.37078683061686,126.53313289460212
zanahoria,1.14740182529545,1.571748345589473,47.61084718834362,120.78153365931598
berenjena,1.364615666431822,27.465765555814492,24.426520624563036,39.81127942204614
camote,1.1273604381812163,24.511875283367626,28.226449970355386,88.72674641648938
papa,1.5890857820168436,18.31738577979117,69.67465885862659,106.63897022263963
zanahoria,1.1433964998346422,0.5915899168521115,48.436551681818095,128.17358633248688
berenjena,1.5401615512922833,27.08589031656601,27.94491508248551,30.35754529609663
camote,1.5711271310469466,43.68057516122782,40.91248027900025,121.75163995682139
papa,2.676752361573729,16.648256644755644,109.1036367533581,156.4768862532152
zanahoria,1.014375882831809,5.696270471122528,93.23817606312215,187.15927336116334
berenjena,2.105623173399161,28.02009416104451,24.432752511770133,38.50900354317333
camote,1.62443761945266,43.55146142517277,39.965914240398774,131.1490597031834
zanahoria,1.0972774968373542,5.154819992087564,80.01002241856784,174.1591058947646
